<?xml version="1.0" encoding="UTF-8"?><gmd:MD_Metadata xmlns:xlink="http://www.w3.org/1999/xlink" xmlns:srv="http://www.isotc211.org/2005/srv" xmlns:gts="http://www.isotc211.org/2005/gts" xmlns:gmd="http://www.isotc211.org/2005/gmd" xmlns:gco="http://www.isotc211.org/2005/gco" xmlns:gml="http://www.opengis.net/gml" xmlns:xsi="http://www.w3.org/2001/XMLSchema-instance">
<gmd:characterSet>
<gmd:MD_CharacterSetCode codeList="http://www.isotc211.org/2005/resources/Codelist/gmxCodelists.xml#MD_CharacterSetCode" codeListValue="utf8" codeSpace="ISOTC211/19115">utf8</gmd:MD_CharacterSetCode>
</gmd:characterSet>
<gmd:hierarchyLevel>
<gmd:MD_ScopeCode codeList="http://www.isotc211.org/2005/resources/Codelist/gmxCodelists.xml#MD_ScopeCode" codeListValue="dataset" codeSpace="ISOTC211/19115">dataset</gmd:MD_ScopeCode>
</gmd:hierarchyLevel>
<gmd:hierarchyLevelName>
<gco:CharacterString>dataset</gco:CharacterString>
</gmd:hierarchyLevelName>
<gmd:contact gco:nilReason="missing"/>
<gmd:dateStamp gco:nilReason="missing"/>
<gmd:metadataStandardName>
<gco:CharacterString>ISO 19139 Geographic Information - Metadata - Implementation Specification</gco:CharacterString>
</gmd:metadataStandardName>
<gmd:metadataStandardVersion>
<gco:CharacterString>2007</gco:CharacterString>
</gmd:metadataStandardVersion>
<gmd:identificationInfo>
<gmd:MD_DataIdentification>
<gmd:citation gco:nilReason="missing"/>
<gmd:abstract>
<gco:CharacterString>* Beschrijving: Energielabels geaggregeerd op postcode 5 niveau 2016* Doel registratie: Analyse/advies Duurzame warmte* Beperkingen: Deze dataset is niet geschikt voor juridische of landmeetkundige doeleinden * Mogelijkheden: Deze dataset is geschikt voor het inzichtelijk maken van de locatie op de kaart en ruimtelijke analyses.* Coördinatenstelsel: RDnew</gco:CharacterString>
</gmd:abstract>
<gmd:purpose>
<gco:CharacterString>Energielabels Postcode 5 niveau Den Haag 2016</gco:CharacterString>
</gmd:purpose>
<gmd:descriptiveKeywords>
<gmd:MD_Keywords>
<gmd:keyword>
<gco:CharacterString>Natuur en milieu</gco:CharacterString>
</gmd:keyword>
<gmd:keyword>
<gco:CharacterString>Energie</gco:CharacterString>
</gmd:keyword>
<gmd:keyword>
<gco:CharacterString>Energielabels</gco:CharacterString>
</gmd:keyword>
</gmd:MD_Keywords>
</gmd:descriptiveKeywords>
<gmd:descriptiveKeywords>
<gmd:MD_Keywords>
<gmd:keyword>
<gco:CharacterString>Natuur en milieu</gco:CharacterString>
</gmd:keyword>
<gmd:keyword>
<gco:CharacterString>Energie</gco:CharacterString>
</gmd:keyword>
<gmd:keyword>
<gco:CharacterString>Energielabels</gco:CharacterString>
</gmd:keyword>
</gmd:MD_Keywords>
</gmd:descriptiveKeywords>
<gmd:descriptiveKeywords>
<gmd:MD_Keywords>
<gmd:keyword>
<gco:CharacterString>Natuur en milieu</gco:CharacterString>
</gmd:keyword>
<gmd:keyword>
<gco:CharacterString>Energie</gco:CharacterString>
</gmd:keyword>
<gmd:keyword>
<gco:CharacterString>Energielabels</gco:CharacterString>
</gmd:keyword>
</gmd:MD_Keywords>
</gmd:descriptiveKeywords>
<gmd:language gco:nilReason="missing"/>
<gmd:characterSet>
<gmd:MD_CharacterSetCode codeList="http://www.isotc211.org/2005/resources/Codelist/gmxCodelists.xml#MD_CharacterSetCode" codeListValue="utf8" codeSpace="ISOTC211/19115">utf8</gmd:MD_CharacterSetCode>
</gmd:characterSet>
</gmd:MD_DataIdentification>
</gmd:identificationInfo>
</gmd:MD_Metadata>
